id;thumbnail_photo;original_photo;banner_tall_photo;banner_wide_photo;circle_photo;sharpened_photo;square_photo;watermark_photo;thumbnail_photo_blob;thumbnail_photo_blob_content_type;original_photo_blob;original_photo_blob_content_type;banner_tall_photo_blob;banner_tall_photo_blob_content_type;banner_wide_photo_blob;banner_wide_photo_blob_content_type;circle_photo_blob;circle_photo_blob_content_type;sharpened_photo_blob;sharpened_photo_blob_content_type;square_photo_blob;square_photo_blob_content_type;watermark_photo_blob;watermark_photo_blob_content_type;priority;default_ind
1;Creative Personal Loan Account;Road Avon Oregon;systematic deposit magnetic;Fort virtual Personal Loan Account;Industrial Taka;Streamlined web services holistic;Ergonomic Fresh Chicken;THX Avon;../fake-data/blob/hipster.png;image/png;../fake-data/blob/hipster.png;image/png;../fake-data/blob/hipster.png;image/png;../fake-data/blob/hipster.png;image/png;../fake-data/blob/hipster.png;image/png;../fake-data/blob/hipster.png;image/png;../fake-data/blob/hipster.png;image/png;../fake-data/blob/hipster.png;image/png;53919;true
2;Consultant;index Alaska grey;bypassing;Investment Account backing up ADP;Spurs Usability;dynamic synthesize;Incredible Frozen Salad holistic Prairie;quantifying calculate;../fake-data/blob/hipster.png;image/png;../fake-data/blob/hipster.png;image/png;../fake-data/blob/hipster.png;image/png;../fake-data/blob/hipster.png;image/png;../fake-data/blob/hipster.png;image/png;../fake-data/blob/hipster.png;image/png;../fake-data/blob/hipster.png;image/png;../fake-data/blob/hipster.png;image/png;69953;true
3;6th generation;innovative;deposit Small Rubber Keyboard SMS;Architect Architect Avon;Somali Shilling connecting Organized;Fresh Accountability;Monitored Oman;scalable;../fake-data/blob/hipster.png;image/png;../fake-data/blob/hipster.png;image/png;../fake-data/blob/hipster.png;image/png;../fake-data/blob/hipster.png;image/png;../fake-data/blob/hipster.png;image/png;../fake-data/blob/hipster.png;image/png;../fake-data/blob/hipster.png;image/png;../fake-data/blob/hipster.png;image/png;25425;true
4;backing up synthesize;Cambridgeshire;e-commerce back-end;California El Salvador Colon US Dollar;Oregon fuchsia mint green;streamline;Maryland bypassing Beauty;Awesome;../fake-data/blob/hipster.png;image/png;../fake-data/blob/hipster.png;image/png;../fake-data/blob/hipster.png;image/png;../fake-data/blob/hipster.png;image/png;../fake-data/blob/hipster.png;image/png;../fake-data/blob/hipster.png;image/png;../fake-data/blob/hipster.png;image/png;../fake-data/blob/hipster.png;image/png;20285;true
5;intranet B2B Personal Loan Account;Supervisor;port Auto Loan Account;monitor Russian Ruble;magenta B2B Metal;neural-net;HDD Brand Home Loan Account;scalable;../fake-data/blob/hipster.png;image/png;../fake-data/blob/hipster.png;image/png;../fake-data/blob/hipster.png;image/png;../fake-data/blob/hipster.png;image/png;../fake-data/blob/hipster.png;image/png;../fake-data/blob/hipster.png;image/png;../fake-data/blob/hipster.png;image/png;../fake-data/blob/hipster.png;image/png;32857;true
6;Kentucky Auto Loan Account;Handcrafted Metal Pizza primary Dobra;parsing disintermediate;Home web services;Automotive;mint green wireless;Bike Pre-emptive Avon;Bedfordshire Games Legacy;../fake-data/blob/hipster.png;image/png;../fake-data/blob/hipster.png;image/png;../fake-data/blob/hipster.png;image/png;../fake-data/blob/hipster.png;image/png;../fake-data/blob/hipster.png;image/png;../fake-data/blob/hipster.png;image/png;../fake-data/blob/hipster.png;image/png;../fake-data/blob/hipster.png;image/png;97608;true
7;Dynamic;calculate;Total;Ohio;Auto Loan Account connect;District;orchestrate Supervisor zero defect;National;../fake-data/blob/hipster.png;image/png;../fake-data/blob/hipster.png;image/png;../fake-data/blob/hipster.png;image/png;../fake-data/blob/hipster.png;image/png;../fake-data/blob/hipster.png;image/png;../fake-data/blob/hipster.png;image/png;../fake-data/blob/hipster.png;image/png;../fake-data/blob/hipster.png;image/png;5544;true
8;Multi-channelled Future system-worthy;yellow Branding azure;Bike Designer;Palladium olive;implementation blue;bypassing;Rubber Sleek;Buckinghamshire Rustic;../fake-data/blob/hipster.png;image/png;../fake-data/blob/hipster.png;image/png;../fake-data/blob/hipster.png;image/png;../fake-data/blob/hipster.png;image/png;../fake-data/blob/hipster.png;image/png;../fake-data/blob/hipster.png;image/png;../fake-data/blob/hipster.png;image/png;../fake-data/blob/hipster.png;image/png;42348;false
9;payment fuchsia;Central African Republic;Future;Pants Metal back-end;Dominican Peso;Generic Steel Ball Small Table;Global Delaware;methodologies strategic Chicken;../fake-data/blob/hipster.png;image/png;../fake-data/blob/hipster.png;image/png;../fake-data/blob/hipster.png;image/png;../fake-data/blob/hipster.png;image/png;../fake-data/blob/hipster.png;image/png;../fake-data/blob/hipster.png;image/png;../fake-data/blob/hipster.png;image/png;../fake-data/blob/hipster.png;image/png;684;true
10;Developer Manager;Concrete SAS attitude-oriented;optical;navigating Plaza Berkshire;markets;Rhode Island;Division;Directives Accountability Re-engineered;../fake-data/blob/hipster.png;image/png;../fake-data/blob/hipster.png;image/png;../fake-data/blob/hipster.png;image/png;../fake-data/blob/hipster.png;image/png;../fake-data/blob/hipster.png;image/png;../fake-data/blob/hipster.png;image/png;../fake-data/blob/hipster.png;image/png;../fake-data/blob/hipster.png;image/png;62411;false
