id;file_name;template_url;status;generated_code;last_edited_by;last_edited_when
1;Frozen pixel bypass;withdrawal Auto Loan Account deposit;30714;SMS;Field bypassing reinvent;2019-12-16T22:45:44
2;quantifying New Zealand maroon;Montana matrix Lodge;79306;Assistant Assurance Security;indexing Sudanese Pound;2019-12-16T10:04:21
3;intuitive SQL panel;Investment Account;30630;alliance Tasty Plastic Chicken THX;neutral;2019-12-16T20:49:48
4;Configuration benchmark;Coordinator Connecticut Supervisor;91151;silver Fantastic Concrete Pants;e-business Central African Republic;2019-12-16T16:13:30
5;TCP Avon;platforms Tasty Cotton Bike;47400;Prairie;Home Loan Account vortals technologies;2019-12-16T07:57:34
6;cyan transmitting payment;Granite dedicated;4606;Optimization withdrawal quantify;Facilitator;2019-12-16T16:21:17
7;Lead;streamline Hawaii;47870;SSL Small;Global compressing;2019-12-16T08:59:10
8;Cheese Soft Refined Metal Fish;Mandatory bandwidth instruction set;24217;Fantastic Soft Soap monitor;Handmade;2019-12-17T01:56:48
9;Executive Enterprise-wide Handmade Concrete Ball;Investment Account;8116;Hills system Russian Ruble;Cambridgeshire PNG SMTP;2019-12-17T02:33:47
10;haptic;Tasty Soft Shoes website;56242;dedicated haptic JBOD;SCSI Gorgeous;2019-12-16T09:50:53
